participant_id,turn_number,speaker,speaker_name,content,intent,emotion,tension_level
P002,0,system,Facilitator,"""Let me introduce our case: GreenLeaf is a regional organic food brand with $8M revenue considering national expansion. The key question is whether to expand through retail or direct-to-consumer channels. Team, what initial thoughts or data requests do you have as we begin our analysis?""",neutral,,0.3
P002,1,provoker,Jordan,"""Before we jump into channel selection, I'm skeptical about whether we're even ready for national expansion at this stage. With only $8M in revenue, do we have the production capacity and working capital to scale nationally? We should be asking for our current margins, cash reserves, and any existing supply chain constraints before discussing channels.""",assertive,,0.3
P002,2,candidate,VerifyUser,What are the customer segments for this company?,neutral,,0.3
P002,3,mediator,Sam,"""That's a great question about customer segments, VerifyUser - understanding who buys our products will definitely help inform which channel makes more sense. Jordan raises a valid point too about readiness - maybe we could start by looking at both our current customer demographics and our operational capacity data? That way we're addressing both strategic and practical concerns.""",avoidant,,0.4
P002,4,mediator,Sam,"""That's a great point about starting with both customer and capacity data. Maybe we could structure this by first looking at who our current customers are and their buying habits, then assess our operational readiness? That way we're covering both market demand and our ability to deliver.""  

""Jordan, you mentioned production capacity - would it help if we requested data on our current facility utilization and lead times? And VerifyUser, knowing customer segments could help us understand which channel aligns better with their purchasing behaviors. Both angles seem important here.""  

""Let me suggest we list out the key data points we need - customer demographics, current channel performance, production capacity, and financial metrics. Then we can analyze how each channel option would impact those areas. Does that approach work for everyone?""",avoidant,,0.3
P002,5,system,Facilitator,"""Let me share some customer demographic data that might help move us forward. Our core customers are health-conscious women aged 28-45 with high education levels and strong brand loyalty - how might this profile influence our channel choice between retail and D2C?""",neutral,,0.2
P002,6,provoker,Jordan,"""I appreciate the customer data, but we're still missing critical operational insights. These health-conscious women won't stay loyal if we can't fulfill orders reliably in a national rollout. Sam, you're suggesting we look at everything at once - but without knowing our production constraints and cash runway, we're just theorizing. Let's get concrete: what's our current facility utilization percentage and how much capital do we have for expansion? Those numbers will make or break any channel decision.""",empathetic,,0.2
P002,7,system,Facilitator,"""Let's bridge these perspectives - while operational readiness is critical, understanding our high-NPS customer base suggests we have strong potential for D2C loyalty programs or targeted retail placements. Could we explore how each channel would leverage these customer relationships while keeping Jordan's capacity concerns in mind?""",neutral,,0.4
P002,8,candidate,VerifyUser,Do you have employee satisfaction survey results for this company?,neutral,,0.4
P002,9,mediator,Sam,"""That's an interesting question about employee satisfaction, VerifyUser - it could indeed impact our ability to scale operations. Maybe we could pair that with Jordan's operational concerns by looking at both our current workforce capacity and satisfaction levels? That way we're considering both the human and physical aspects of expansion.""

""Between the strong customer loyalty data and the operational factors we've raised, perhaps we could assess each channel's requirements against our current capabilities? For instance, D2C might leverage our loyal customer base but require different operational scaling than retail partnerships.""

""To move forward, could we list out the key requirements for both channels - things like fulfillment needs, customer acquisition costs, and workforce demands - then compare that against our current capacity data? That might help us identify the most feasible path.""",avoidant,,0.4
P002,10,system,Facilitator,"""Let's focus on channel-specific advantages - how might our strong word-of-mouth and social media presence impact the feasibility and cost structure of D2C versus retail expansion?""",neutral,,0.4
P002,11,provoker,Jordan,"""I'm all for leveraging our social media presence, but let's not confuse marketing buzz with operational reality. Word-of-mouth doesn't magically solve warehouse capacity or last-mile delivery challenges. Before we get starry-eyed about D2C potential, I need to see hard numbers: what's our current order fulfillment cost per unit? How would that scale nationally? Because right now, this feels like we're prioritizing what sounds exciting over what's actually executable.""",neutral,,0.4
P002,12,mediator,Sam,"""Jordan makes a valid point about needing concrete operational data to assess scalability. VerifyUser, your focus on customer experience is equally important. Maybe we could structure this by first analyzing the operational requirements and costs for each channel, then overlay that with our customer insights? That way we're balancing both perspectives with data-driven decisions.""

""Let me suggest we request three key numbers: current fulfillment costs, warehouse capacity utilization, and customer acquisition costs through both channels. With those, we could create a realistic comparison of which expansion path aligns best with both our operational constraints and customer strengths.""

""Both perspectives are valuable here - perhaps we're looking at two phases: what's immediately feasible operationally (Jordan's concern) while planning how to leverage our customer strengths (VerifyUser's point) for future growth? Would that approach satisfy both sets of concerns?""",avoidant,,0.6
P002,13,system,Facilitator,"""Let's consider our customer acquisition mix - with 55% word-of-mouth and strong social media presence, how might D2C allow us to leverage these organic channels more effectively than retail expansion?""",neutral,,0.4
P002,14,candidate,VerifyUser,Who are the main competitors in this market?,neutral,,0.4
P002,15,system,Facilitator,"""Since we're discussing competitors, let me share some market landscape data that might help frame our channel decision - we're seeing successful models ranging from pure retail (NatureValley) to hybrid approaches (RXBAR). How might these competitive examples inform our choice between D2C and retail expansion?""",neutral,,0.3
P002,16,provoker,Jordan,"""Competitor analysis is fine, but we're getting distracted from our core constraints. RXBAR had $100M in funding before their retail push - we have $8M revenue. Let's stop comparing apples to spaceships. VerifyUser, if we're talking competitors, I need to know: what percentage of their sales come through which channels? That's the only comparison that matters for our decision. Otherwise we're just admiring others' successes while ignoring our balance sheet reality.""",neutral,,0.3
P002,17,system,Facilitator,"""Given these competitor models and our strong organic customer acquisition, let's focus on a specific comparison: How would a D2C-first approach like Purely Elizabeth's early growth compare against targeting immediate retail placement like NatureValley, given our current revenue scale?""",neutral,,0.5
P002,18,mediator,Sam,"""That's a great point about focusing on channel-specific sales percentages, Jordan - it keeps us grounded in what's actionable. VerifyUser, maybe we could look at those competitor channel mixes alongside our own customer acquisition strengths? 

Let me suggest we quickly map out: 1) Competitor channel splits, 2) Our current fulfillment costs by channel, and 3) Customer acquisition costs through organic vs paid channels. This three-point comparison might show us where we get the most leverage from our existing strengths while staying within operational realities.

Both perspectives are valid here - we need to understand the competitive landscape while staying realistic about our current scale. Would this approach help us find the right balance?""",avoidant,,0.5
P002,19,system,Facilitator,"""Given our strong NPS and word-of-mouth acquisition, how might our customer demographics inform which channel would better leverage these loyal advocates - retail placement where they shop, or D2C where we can deepen direct relationships?""",neutral,,0.4
P002,20,system,Facilitator,"""Let's wrap up here - we've surfaced important considerations around operational scalability for D2C, competitive channel mixes, and leveraging our strong organic customer acquisition. Next steps would be gathering those key fulfillment cost metrics to inform our final recommendation.""",neutral,,0.4
P003,0,system,Facilitator,"""Let's begin. MediCore is a hospital network currently at 78% bed occupancy but with operating costs 15% above regional average. ValTest, Jordan, Sam - what key questions or areas would you want to explore first to diagnose this efficiency challenge?""",neutral,,0.3
P003,1,provoker,Jordan,"""Before we jump to solutions, I'm skeptical whether 78% occupancy is truly our problem. What's the regional benchmark for bed occupancy in similar hospitals? And are we sure all these occupied beds are actually generating positive margin? We could be full with unprofitable cases while turning away higher-margin procedures.""",neutral,,0.3
P003,2,candidate,ValTest,What are the customer segments?,neutral,,0.3
P003,3,mediator,Sam,"""Those are both excellent points to dig into. Jordan raises a crucial question about whether our current occupancy is actually profitable - maybe we should look at case mix and payer data alongside the occupancy rate. And ValTest, understanding our patient segments could help identify if we're over-serving some groups while neglecting higher-margin opportunities. Should we start by mapping out the key drivers of both our occupancy and costs?""",assertive,,0.3
P003,4,provoker,Jordan,"""Sam, you're glossing over the core issue. We can't just 'map drivers' without hard data - what specific evidence shows our current patient mix is the problem? ValTest, segments mean nothing if we don't know which ones actually contribute to our cost overruns. I've seen too many projects waste time on theoretical frameworks while the bleeding continues. Show me the procedure-level profitability data or this is just another academic exercise.""",neutral,,0.2
P003,5,system,Facilitator,"""Jordan makes a good point about needing concrete data - let me share what we have on procedure-level profitability by payer type. Would that help ground our discussion in actual margin contributors?""",cooperative,,0.6
P003,6,candidate,ValTest,What about revenue and costs?,neutral,,0.6
P003,7,mediator,Sam,"""You're both raising critical points - Jordan's right that we need the profitability data to pinpoint issues, and ValTest's question about revenue vs. costs will help us see the full picture. The facilitator's offer of procedure-level data seems like the perfect next step - that way we can analyze both which segments we're serving and their actual contribution to our cost challenges. Should we look at that together and then revisit our hypotheses?""",cooperative,,0.5
P003,8,candidate,ValTest,I think we should focus on the highest-margin segment and cut costs in support.,assertive,,0.4
P003,9,provoker,Jordan,"""ValTest, that's dangerously simplistic - cutting costs blindly could compromise care quality and drive away our most profitable patients. Sam, we need to stop talking in circles. Facilitator, show us the actual procedure profitability data now - I want to see which specific DRGs are dragging us down before we make any recommendations. No more vague segments talk.""",neutral,,0.4
P003,10,mediator,Sam,"""Jordan, I hear your urgency for concrete data, and ValTest raises a fair point about focusing resources. The facilitator's procedure-level data will help us find the right balance - identifying both our most profitable services and where we might be over-resourcing. Let's review the numbers together, then we can have a more informed discussion about strategic priorities and cost rationalization.""",cooperative,,0.6
P003,11,provoker,Jordan,"""Sam, 'strategic priorities' and 'cost rationalization' are just buzzwords until we see the numbers. ValTest's ready to start cutting without knowing which costs actually drive our 15% overage - that's reckless. Look, either we analyze the real data on procedure margins and staffing ratios, or we're just guessing at solutions. Facilitator, pull up those DRG profitability reports - I want to see exactly where we're hemorrhaging money before we discuss one more 'strategic' idea.""",neutral,,0.5
P003,12,system,Facilitator,"""Let's wrap up - we've identified the need for procedure-level profitability data to pinpoint cost drivers, with agreement that strategic decisions require this concrete evidence. Jordan, ValTest, Sam - we'll reconvene with the DRG reports to ground our next discussion in specific margin analysis.""",neutral,,0.6
P004,0,system,Facilitator,"""Welcome everyone. Today we're discussing SwiftCart, an e-commerce platform with 2M active users that's seen repeat purchase rates drop from 35% to 22%. Let's start by analyzing this problem - what questions do you have about the situation or data you'd need to understand this retention drop?""",neutral,,0.3
P004,1,provoker,Jordan,"*leans forward with a skeptical expression* 

Before we jump into solutions, let's question whether a 22% repeat rate is actually problematic. How does this compare to industry benchmarks? I'd want to see the cohort analysis - is this drop concentrated in certain customer segments or across the board? 

*taps fingers on table* 

And frankly, a 13-point drop doesn't happen overnight. What changed in our customer experience or competitive landscape during this decline period? We're missing critical diagnostic data here. 

*raises eyebrow* 

Anyone else concerned we might be solving the wrong problem if we don't understand whether this is a pricing issue, product selection problem, or delivery experience failure?",neutral,,0.3
P004,2,candidate,ValTest2,What are the customer segments?,neutral,,0.3
P004,3,mediator,Sam,"""That's a great point, Jordan - benchmarking against industry standards would give us important context. And ValTest2, understanding customer segments could help us pinpoint where the drop is most acute. Maybe we could structure this by first looking at external benchmarks and internal segmentation data, then examining what changed operationally during the decline period? That way we're covering both the 'what' and 'why' of the situation.""",avoidant,,0.4
P004,4,candidate,ValTest2,Can you share the revenue breakdown and cost structure?,neutral,,0.3
P004,5,provoker,Jordan,"*scoffs slightly and interjects* 

Revenue breakdown? Now we're talking. But let's not just look at the numbers - let's examine the profit margins per segment. Are we actually losing our high-value repeat customers or just bargain hunters? That changes our entire approach.

*turns to Sam* 

Your benchmarking idea is fine, but industry averages don't explain why our retention rate fell off a cliff. I'm more concerned about our NPS scores and customer complaints during this period - those would tell us if this is a satisfaction issue or something structural. 

*pauses pointedly* 

And while we're at it - has anyone checked whether our loyalty program changes coincided with this drop? That's usually the smoking gun in these cases.",neutral,,0.3
P004,6,candidate,ValTest2,"Based on this data, I recommend focusing on the high-value segment and reducing costs.",analytical,,0.4
P004,7,mediator,Sam,"""I hear both valuable perspectives here. Jordan's right that we need to dig into operational changes and satisfaction metrics, while ValTest2's focus on high-value segments makes sense for prioritization. Maybe we could structure our approach in three phases: first validate if this is an industry-wide trend, then analyze segment profitability and satisfaction drivers, and finally audit recent changes to loyalty programs or CX. This way we're covering both strategic and tactical angles?""",avoidant,,0.4
P004,8,provoker,Jordan,"""Sam, your phased approach sounds methodical, but we don't have the luxury of time here - a 13-point retention drop is hemorrhaging revenue daily. ValTest2, reducing costs blindly could make things worse if we're already losing high-value customers. Where's the data showing which segments are actually driving profitability? I'd bet our VIP customers are fleeing due to poor service while bargain hunters remain - and that's a recipe for margin collapse.""",neutral,,0.4
P004,9,mediator,Sam,"""I hear the urgency in Jordan's point about acting quickly, and the valid concern about cost-cutting potentially exacerbating the problem. ValTest2, maybe we could refine your recommendation by first identifying which high-value segments are declining most sharply? That way we can target retention efforts where they'll have the biggest impact on both customer lifetime value and margins. Jordan, would you agree that starting with a quick analysis of segment profitability trends could help us prioritize where to focus first?""",avoidant,,0.5
P004,10,system,Facilitator,"""Let me share some relevant user behavior data we have - we're seeing significant differences in retention across customer segments, with power users showing 78% retention versus one-time buyers at just 8%. How might this inform our approach to prioritizing retention efforts?""",neutral,,0.4
P004,11,provoker,Jordan,"""Those segment numbers confirm my suspicion - we're bleeding where it hurts most. A 78% retention for power users still means we're losing nearly one in four of our best customers! Before we talk about broad retention strategies, we need to diagnose why these high-value customers are walking away. Have we looked at their last purchase patterns? I'd wager we'll find they're hitting pain points with returns, shipping times, or inventory issues that occasional buyers might tolerate.""",neutral,,0.4
P004,12,system,Facilitator,"""Let me introduce some data that might help focus our efforts—we're seeing power users represent 52% of revenue with 78% retention, while one-time buyers have just 8% retention. How might this segmentation help us prioritize where to focus our retention strategies first?""",neutral,,0.4
P004,13,system,Facilitator,"Thank you all for your valuable contributions. Let me summarize: we've identified the need to prioritize high-value segments, diagnose specific pain points driving their attrition, and avoid broad cost-cutting that could worsen retention.",neutral,,0.4
P006,0,system,Facilitator,"""Let me introduce our case: GreenLeaf is a regional organic food brand with $8M revenue looking to expand nationally - should they pursue retail or direct-to-consumer? Team, what key questions or frameworks should we consider first?""",neutral,,0.3
P006,1,provoker,Jordan,"""Before we even discuss channels, I'm skeptical we have the production capacity or supply chain to support national expansion at all with just $8M revenue. Do we have any data on our current margins and cash flow? Scaling too fast could bankrupt us.""",neutral,,0.3
P006,2,candidate,E2EUser,Can you tell me about the customer demographics?,neutral,,0.3
P006,3,mediator,Sam,"""Jordan raises a valid concern about scaling capacity - that's definitely something we should quantify before making any channel decisions. And to answer your question about demographics, that's a great starting point - understanding our core customer base will help determine which channel aligns better with their purchasing habits. Maybe we could look at both issues in parallel?""",assertive,,0.3
P006,4,provoker,Jordan,"""Sam, looking at demographics won't matter if we can't fulfill orders at scale. We need hard numbers on our current production bottlenecks and working capital needs before discussing ideal channels. Have we even stress-tested our supply chain for national demand? I'm not comfortable making recommendations based on customer preferences alone when our operational foundation isn't proven.""",analytical,,0.3
P006,5,candidate,E2EUser,What does the cost structure and revenue look like?,neutral,,0.4
P006,6,mediator,Sam,"""That's a great question about cost structure - understanding both our current margins and projected expansion costs will help us evaluate both operational risks and channel viability. Jordan, since you're focused on scaling capacity, maybe we could use E2EUser's cost structure question as a way to quantify those concerns? We could look at production costs per channel alongside customer acquisition costs - that way we're addressing both operational and strategic considerations together.""",cooperative,,0.5
P006,7,provoker,Jordan,"""Sam, looking at blended averages won't cut it - retail and D2C have fundamentally different cost structures. Retail requires massive upfront slotting fees and trade spend, while D2C needs heavy marketing investment. Do we even have the cash reserves to cover either? I need to see separate P&L projections before we pretend these are equally viable options.""",neutral,,0.4
P006,8,candidate,E2EUser,Who are the key competitors and what are their strategies?,neutral,,0.5
P006,9,mediator,Sam,"""Jordan makes a fair point about needing separate financial models for each channel's cost structure. Maybe we could take a step back and build a quick comparison framework covering three dimensions: operational requirements, customer acquisition costs, and competitive positioning - since E2EUser just asked about competitors. This way we're addressing both Jordan's concerns about financial viability while also incorporating strategic considerations like the competitive landscape. Would you both be open to sketching out that framework together?""",cooperative,,0.6
P006,10,system,Facilitator,"""Let me pause here to summarize - we're discussing three key threads: operational capacity concerns from Jordan, customer/demographic insights requested by E2EUser, and competitive benchmarking. I can share some available data on these points to ground our discussion. Would that help?""",neutral,,0.4
P006,11,provoker,Jordan,"""Sam, frameworks won't solve our cash flow problem. Let's get concrete - retail requires 30-40% margins just to cover slotting fees and promotions, while D2C needs $20+ CAC. With $8M revenue, we'd need to choose one channel and dominate it. Have we even modeled the working capital requirements for inventory buildup? I'm seeing red flags in both options unless we secure financing first.""",neutral,,0.4
P006,12,mediator,Sam,"""Jordan, you're absolutely right that we need concrete financial modeling - let's focus first on building those separate P&L projections for retail vs D2C with the facilitator's data. E2EUser, while we crunch those numbers, would you be willing to lead the competitor analysis piece? That way we're addressing both the financial viability and strategic positioning simultaneously. Perhaps we could reconvene in 20 minutes with both pieces to make an informed recommendation?""",neutral,,0.6
P006,13,candidate,E2EUser,"Based on the data, I recommend we focus on improving operational efficiency and invest in areas where competitors are weak. We should set specific KPIs and create a phased implementation plan over 6 months.",assertive,,0.4
P006,14,provoker,Jordan,"""E2EUser, 'improving operational efficiency' is too vague to act on—what specific bottlenecks are we solving? And competitors' weaknesses don't matter if we can't fund the fight. Show me the math: how much capital do we need to address these inefficiencies while also covering the $2M+ inventory buildup required for national expansion? Without hard numbers, this is just wishful thinking.""",neutral,,0.4
P006,15,mediator,Sam,"""That's a fair push for more concrete numbers, Jordan. Maybe we could bridge both perspectives by mapping E2EUser's efficiency opportunities against working capital requirements? Let's take the top 2 operational bottlenecks E2EUser mentioned and model the financial impact of fixing them. That way we're addressing both strategic positioning and financial viability with real data.""",avoidant,,0.6
P006,16,provoker,Jordan,"""Sam, we're still dancing around the core issue—our balance sheet. Even if we fix operational bottlenecks, where's the evidence we can finance expansion at all? We need to answer the fundamental question: can we afford to go national in either channel right now? I'm not seeing any numbers that prove we won't bankrupt ourselves within 6 months of launch.""",analytical,,0.4
P006,17,system,Facilitator,"""Let's pause here to summarize the key points: Jordan has raised critical concerns about financial viability and working capital requirements, while E2EUser has highlighted competitor weaknesses we could leverage. Sam has proposed a concrete next step to model both operational efficiencies and financial projections. I suggest we take these insights to leadership for further guidance on funding capacity before finalizing our recommendation.""",neutral,,0.6
